Name, ID, Game Mode, Latency, Scoreboard Team, Model Type, Session ID, Public Key
!D-e, c48cc5ef-af8e-243e-8cb6-5fe5a8e74865, CREATIVE, 1, null, WIDE
!D-h, 0285a5be-429a-2196-82af-81905711bf1b, CREATIVE, 1, null, SLIM
!C-m, 918e4757-d194-2231-8dc4-a8dce2205a41, CREATIVE, 1, null, SLIM
!D-n, 383eb3f4-ef98-2cd6-9230-940d43d3486f, CREATIVE, 1, null, SLIM
!C-h, fb824930-db4c-2dcb-b39c-fc921cdd8cee, CREATIVE, 1, null, SLIM
!D-g, b97d74d7-7aa7-248b-a746-d8a6a816aa78, CREATIVE, 1, null, WIDE
!C-a, 5bf68428-a670-268f-9e11-75d8cf0301e1, CREATIVE, 1, null, SLIM
!C-c, 71ea3376-0c50-2f60-ae93-ce45e8794c09, CREATIVE, 1, null, SLIM
!C-r, 2dff4df7-f2e3-26f0-b7da-49faabf096c7, CREATIVE, 1, null, SLIM
!A-i, 45294a4a-df5c-25d8-a312-038fca59a639, CREATIVE, 1, null, WIDE
!B-o, 671ce605-7f86-28fd-a8e8-18e040e8629f, CREATIVE, 1, null, WIDE
!B-t, e125355a-8a18-20ed-8f84-0f87baab9b3c, CREATIVE, 1, null, WIDE
!D-t, a6552dbc-b4a1-2bdb-989f-8a8f679b6a38, CREATIVE, 1, null, SLIM
!A-c, 57476c3d-4503-2eff-9ac1-472d00fe27b1, CREATIVE, 1, null, SLIM
!A-h, c2a1f426-8204-20b3-9183-b2a75596b0a7, CREATIVE, 1, null, SLIM
!D-c, ffe5c5d6-1d00-27cd-aa9c-8fefbdd69b72, CREATIVE, 1, null, WIDE
!D-k, 48375e04-da49-2226-8415-75ab80b2d879, CREATIVE, 1, null, WIDE
!A-q, e1d665df-7b17-21cf-82e6-297e2d89afeb, CREATIVE, 1, null, WIDE
!A-e, 3c62b3eb-d2aa-2dab-b8da-4d64af4cf354, CREATIVE, 1, null, SLIM
!B-q, 5281d534-54c4-211b-82c8-553fbfd9746a, CREATIVE, 1, null, WIDE
!D-a, 79d7dcf0-2d97-2c8a-82b2-e554b02099c8, CREATIVE, 1, null, SLIM
!A-a, 9f60551e-8ecf-2b2d-9347-6aa61add3c95, CREATIVE, 1, null, SLIM
!D-o, 1cd6825c-6434-2606-be35-253a49dce55c, CREATIVE, 1, null, WIDE
!C-i, ddb1d82c-5bbf-2d07-8b20-ac0959b11787, CREATIVE, 1, null, WIDE
!A-b, 72f27bef-011c-2e08-acff-1909352f01eb, CREATIVE, 1, null, SLIM
!D-f, cd180636-5ca0-236c-8675-e4e125cc5481, CREATIVE, 1, null, SLIM
!C-j, 4f62f57f-1020-2d69-8bc3-37e9f4b95a86, CREATIVE, 1, null, WIDE
!A-d, 1b54dcb2-65d1-21a7-90d6-99753d6c2217, CREATIVE, 1, null, SLIM
!B-k, 0f5aecf4-f6bd-2448-893b-87bc1b7e45e8, CREATIVE, 1, null, WIDE
!B-h, 3477c541-5c94-2c9e-9b84-066c051df09f, CREATIVE, 1, null, SLIM
!B-g, 526941e5-5429-214c-91f3-4ca0e8cea429, CREATIVE, 1, null, WIDE
!C-k, 27cac164-2cac-232a-943e-23f7572c9192, CREATIVE, 1, null, SLIM
!C-s, 474e7fc8-e043-2637-bd0e-986d3ed0271e, CREATIVE, 1, null, SLIM
!B-j, faaff411-81ea-2c42-b8ed-54421c985a41, CREATIVE, 1, null, SLIM
!D-s, ccd79be7-6deb-274b-8b7b-577b91e82318, CREATIVE, 1, null, SLIM
!C-q, 0ae5d2ea-0818-25b3-80cb-8e9c9886961a, CREATIVE, 1, null, SLIM
!D-d, 195c207f-f1bd-23f5-a57a-165f153d7003, CREATIVE, 1, null, WIDE
!B-l, ff8646cd-7c75-2810-9ae7-c1559c77be9a, CREATIVE, 1, null, SLIM
!D-r, 47ccdb7b-6e73-21cd-8960-0f1b7e866486, CREATIVE, 1, null, WIDE
!D-j, 5eb7adc5-9f2b-2b92-890f-109763e350c5, CREATIVE, 1, null, WIDE
!B-p, 9e486196-2106-23cf-962e-12c5872f2653, CREATIVE, 1, null, SLIM
!B-f, 54e92083-8b77-263f-a172-f7d504449442, CREATIVE, 1, null, WIDE
!B-m, 6f1203cb-f28d-2a19-aae2-7b8fc1ca926e, CREATIVE, 1, null, WIDE
!B-n, 8479aa8b-0aff-2fe4-8ede-535d25039dec, CREATIVE, 1, null, SLIM
!A-p, 000372da-1fa2-2ccb-ba5b-3107640c1066, CREATIVE, 1, null, SLIM
!D-l, 6da334c3-7976-20ac-9439-7122f0487b60, CREATIVE, 1, null, SLIM
!A-n, 78823277-0e76-2d15-a993-e96bed4e88af, CREATIVE, 1, null, SLIM
!C-e, 66812f0b-25c2-2366-b25e-a956b3eef359, CREATIVE, 1, null, SLIM
!D-p, 94536142-d07b-2165-9345-bca9d10d767b, CREATIVE, 1, null, WIDE
!B-e, 2b0b2866-fb2c-2a3b-b737-53231f9a1f69, CREATIVE, 1, null, WIDE
!A-o, 0e82c11c-dbfd-28b9-9475-6c346318b523, CREATIVE, 1, null, SLIM
!C-b, d147a064-57af-2dd2-b1f9-0d07e98aab89, CREATIVE, 1, null, WIDE
!A-m, 69b2f609-5f2f-280f-bd43-cfa60bb57a6f, CREATIVE, 1, null, SLIM
!D-i, a5336bfd-b4e9-2016-b00f-a287ea826c9f, CREATIVE, 1, null, SLIM
!B-c, e449473f-6614-2572-ba2c-27ef45e42f84, CREATIVE, 1, null, WIDE
!C-g, 2d589f01-b9ba-2e0a-8a9f-c7306c4f2bbd, CREATIVE, 1, null, WIDE
!C-t, eeeb8c8a-2ba7-259f-ae17-37e04c25fb3e, CREATIVE, 1, null, SLIM
!C-d, 8f606794-0161-246c-8c8a-93a5b0cce9ac, CREATIVE, 1, null, WIDE
!A-j, a13658f2-7f8d-239f-9ff6-61f5e8d595b8, CREATIVE, 1, null, SLIM
!C-f, a49b93d7-65ee-2312-80f5-5176a46490ee, CREATIVE, 1, null, WIDE
!B-s, 83046f28-2ab7-2bc1-acc3-85728f4e0d1e, CREATIVE, 1, null, SLIM
!A-f, 7db81e2a-f973-2f67-80fb-9a6fbcabc27a, CREATIVE, 1, null, SLIM
!B-r, 44b9d2a9-e2a6-2ae7-8f88-1ce68499b462, CREATIVE, 1, null, SLIM
!A-k, 6f9d3cbc-f2ad-2942-bbe8-0bf3fc6dbc7d, CREATIVE, 1, null, SLIM
!B-d, 2bd33d35-80ae-22cb-9a4c-46ec447bfe9f, CREATIVE, 1, null, WIDE
!B-b, 3bb13977-c240-2f35-85c4-dd89015f3973, CREATIVE, 1, null, WIDE
!C-p, 3ed8177f-5827-2e89-bf98-0d8c181bc6d2, CREATIVE, 1, null, SLIM
!C-o, 06db8da0-80c1-2e74-b62e-8d2286942580, CREATIVE, 1, null, SLIM
!A-l, 8222b4a1-1aca-22ec-a0a2-ebd066ac68a3, CREATIVE, 1, null, WIDE
CarsCupcake, 8318fafd-5565-4a3e-91a1-296df2995b32, SURVIVAL, 1, a639304, SLIM
!D-b, 4036e1b0-4089-202e-a978-a30866489bc5, CREATIVE, 1, null, WIDE
!A-g, 384a5a5b-199b-2a8d-a40a-b6c53153f87b, CREATIVE, 1, null, SLIM
!C-l, 6cfa2b49-4827-2692-bf75-61ab519e11a6, CREATIVE, 1, null, WIDE
!C-n, b95ee953-3b22-255f-8854-0353188a871b, CREATIVE, 1, null, WIDE
!D-m, 73d1bdc3-d82d-20fd-88e7-2fc2f85b6254, CREATIVE, 1, null, WIDE
!A-s, d6960f2b-a854-2de1-ad60-26355d3f498b, CREATIVE, 1, null, WIDE
!B-i, eefe4bf7-cce3-2080-be3e-48c005bec7c1, CREATIVE, 1, null, WIDE
!A-t, a9697f56-ba6b-2a25-a803-7585081ad903, CREATIVE, 1, null, SLIM
!A-r, 017b249c-fd53-293f-9363-fc4eb78fbddd, CREATIVE, 1, null, WIDE
!B-a, 468decf5-4876-21e2-855c-527efeac7995, CREATIVE, 1, null, WIDE
!D-q, 6950f58c-736c-22f6-816c-52d65a27d924, CREATIVE, 1, null, WIDE
