{"stats":{"minecraft:custom":{"minecraft:jump":1,"minecraft:time_since_rest":19717,"minecraft:damage_taken":90,"minecraft:leave_game":5,"minecraft:crouch_one_cm":162,"minecraft:time_since_death":19691,"minecraft:play_time":21285,"minecraft:sprint_one_cm":4182,"minecraft:walk_one_cm":1283,"minecraft:walk_on_water_one_cm":946,"minecraft:deaths":2,"minecraft:sneak_time":971,"minecraft:total_world_time":3210,"minecraft:walk_under_water_one_cm":942,"minecraft:drop":1,"minecraft:fly_one_cm":740342},"minecraft:dropped":{"minecraft:wooden_axe":1}},"DataVersion":3700}