{"stats":{"minecraft:dropped":{"minecraft:wooden_axe":1},"minecraft:used":{"minecraft:oak_log":17},"minecraft:custom":{"minecraft:jump":19,"minecraft:time_since_rest":21495,"minecraft:damage_taken":90,"minecraft:leave_game":6,"minecraft:crouch_one_cm":147,"minecraft:play_time":23063,"minecraft:time_since_death":21469,"minecraft:sprint_one_cm":8819,"minecraft:walk_one_cm":3787,"minecraft:walk_on_water_one_cm":946,"minecraft:deaths":2,"minecraft:sneak_time":1023,"minecraft:total_world_time":4969,"minecraft:walk_under_water_one_cm":942,"minecraft:drop":1,"minecraft:fly_one_cm":834305}},"DataVersion":3839}